id,field_p_button,field_p_media_image,field_p_link_text,field_p_title_uri,field_p_text,field_p_title
p_007_child_1,A button**internal:/,3,USP Link Text,internal:/,"In cursus, est id placerat viverra, sapien quam ultrices sapien, eu pulvinar odio augue ac risus. Aliquam hendrerit nunc eget augue porta auctor. Sed vitae consequat sem. In a sagittis tortor, vel accumsan nunc. Nunc quis odio non risus dapibus tempor quis sit amet leo. Suspendisse in lectus laoreet velit aliquam lobortis. Nam a fermentum magna.

",USP Item 01
p_007_child_2,A button**internal:/|Another button**internal:/,4,USP Link Text,internal:/,"In cursus, est id placerat viverra, sapien quam ultrices sapien, eu pulvinar odio augue ac risus. Aliquam hendrerit nunc eget augue porta auctor. Sed vitae consequat sem. In a sagittis tortor, vel accumsan nunc.


",USP Item 02
p_007_child_3,"",5,USP Link Text,internal:/,"Nunc quis odio non risus dapibus tempor quis sit amet leo. Suspendisse in lectus laoreet velit aliquam lobortis. Nam a fermentum magna. Donec porta rutrum odio, quis porttitor urna rhoncus ut. Fusce molestie mauris a nunc blandit,.



",USP Item 03
p_007_child_4,"",6,USP Link Text,internal:/,"Praesent congue eros mi, eget maximus augue porta eu. Nulla commodo ex ultrices venenatis consectetur. Nullam dictum diam eu porttitor pretium.




",USP Item 04
p_007_child_5,A button**internal:/,3,USP Link Text,internal:/,"In cursus, est id placerat viverra, sapien quam ultrices sapien, eu pulvinar odio augue ac risus. Aliquam hendrerit nunc eget augue porta auctor. Sed vitae consequat sem. In a sagittis tortor, vel accumsan nunc. Nunc quis odio non risus dapibus tempor quis sit amet leo. Suspendisse in lectus laoreet velit aliquam lobortis. Nam a fermentum magna.

",USP Item 01
p_007_child_6,A button**internal:/|Another button**internal:/,4,USP Link Text,internal:/,"In cursus, est id placerat viverra, sapien quam ultrices sapien, eu pulvinar odio augue ac risus. Aliquam hendrerit nunc eget augue porta auctor. Sed vitae consequat sem. In a sagittis tortor, vel accumsan nunc.


",USP Item 02
p_007_child_7,"",5,USP Link Text,internal:/,"Nunc quis odio non risus dapibus tempor quis sit amet leo. Suspendisse in lectus laoreet velit aliquam lobortis. Nam a fermentum magna. Donec porta rutrum odio, quis porttitor urna rhoncus ut. Fusce molestie mauris a nunc blandit,.



",USP Item 03
p_007_child_8,A button**internal:/,3,USP Link Text,internal:/,"In cursus, est id placerat viverra, sapien quam ultrices sapien, eu pulvinar odio augue ac risus. Aliquam hendrerit nunc eget augue porta auctor. Sed vitae consequat sem. In a sagittis tortor, vel accumsan nunc. Nunc quis odio non risus dapibus tempor quis sit amet leo. Suspendisse in lectus laoreet velit aliquam lobortis. Nam a fermentum magna.

",USP Item 01
p_007_child_9,A button**internal:/|Another button**internal:/,4,USP Link Text,internal:/,"In cursus, est id placerat viverra, sapien quam ultrices sapien, eu pulvinar odio augue ac risus. Aliquam hendrerit nunc eget augue porta auctor. Sed vitae consequat sem. In a sagittis tortor, vel accumsan nunc.


",USP Item 02
p_007_child_10,"",5,USP Link Text,internal:/,"Nunc quis odio non risus dapibus tempor quis sit amet leo. Suspendisse in lectus laoreet velit aliquam lobortis. Nam a fermentum magna. Donec porta rutrum odio, quis porttitor urna rhoncus ut. Fusce molestie mauris a nunc blandit,.



",USP Item 03
p_007_child_11,"",6,USP Link Text,internal:/,"Praesent congue eros mi, eget maximus augue porta eu. Nulla commodo ex ultrices venenatis consectetur. Nullam dictum diam eu porttitor pretium.




",USP Item 04